RNAs,RNA type,Sequence,Corresponding drugs,Drugs SMILES
miR-1278,miRNA,AUUUGCUCAUAGAUGAUAUGCAUAGUACUCCCAGAACUCAUUAAGUUGGUAGUACUGUGC,CDDP,N.N.Cl[Pt]Cl
miR-106a-5p,miRNA,AAAAGUGCUUACAGUGCAGGUAG,CDDP,N.N.Cl[Pt]Cl
miR-101-3p,miRNA,UACAGUACUGUGAUAACUGAA,CDDP,N.N.Cl[Pt]Cl
miR-205-5p,miRNA,UCCUUCAUUCCACCGGAGUCUG,CDDP,N.N.Cl[Pt]Cl
miR-188-3p,miRNA,CUCCCACAUGCAGGGUUUGCA,CDDP,N.N.Cl[Pt]Cl
miR-1249-3p,miRNA,ACGCCCUUCCCCCCCUUCUUCA,CDDP,N.N.Cl[Pt]Cl
miR-34,miRNA,ggccagcuguucucuuUGGCAGUGUCUUGUugugagcaauaguaaggaagagCAAUCAGCAUGAUACUGCCCUagaagugcugccuagaugcugccu,Paclitaxel,CC1=C2[C@H](C(=O)[C@@]3([C@H](C[C@@H]4[C@]([C@H]3[C@@H]([C@@](C2(C)C)(C[C@@H]1OC(=O)[C@@H]([C@H](C5=CC=CC=C5)NC(=O)C6=CC=CC=C6)O)O)OC(=O)C7=CC=CC=C7)(CO4)OC(=O)C)O)C)OC(=O)C
miR-9-5p,miRNA,UCUUUGGUUAUCUAGCUGUAUGA,CDDP,N.N.Cl[Pt]Cl
miR-2392,miRNA,AUGGUCCCUCCCAAUCCAGCCAUUCCUCAGACCAGGUGGCUCCCGAGCCACCCCAGGCUG,CDDP,N.N.Cl[Pt]Cl
miR-5787,miRNA,GGGGGCUGGGGCGCGGGGAGGUGCUAGGUCGGCCUCGGCUCCCGCGCCGCACCCC,CDDP,N.N.Cl[Pt]Cl
TINCR,lncRNA,AGAGCTGGAGCCGGAGCCGGGCGGGCGCCATGGAGGGGCTGCGGCGGGGGCTGTCGCGCTGGAAGCGCTACCACATCAAGGTGCACCTGGCGGACGAGGCGCTGCTGCTACCGCTGACCGTGCGGCCGCGGGACACGCTCAGCGACCTGCGCGCCCAGCTGGTGGGCCAGGGCGTGAGCTCCTGGAAGCGCGCCTTCTACTACAACGCGCGGCGGCTGGACGACCACCAGACGGTGCGCGACGCGCGCCTGCAGGACGGCTCGGTGCTGCTGCTCGTCAGCGACCCCAGGTAGTCTGGGTTGGAGGAGGCAGAGCCATGACCAAGGGGACCTGGGTACTGGCTGAAGGAATAGGCTGGGGTAGAGGGCACTTTTGGAAGGCACTTCTCCTGCCTCCCGGGAGCCTAGATCTCACTCCAGGGTCTGGGCTCCCAGGTGGACCATGAAACCCTGGCCTGACCAGCTGATGCACACTGCTTCAGACACTCCTGCTGGAGCCCCAGTCCCTGACAAGGACCTAGGACATTTTTGCTCCTGCCCAGCCTATCGGGAGGGAGCCTTGAGCCTTTCAGCTCTGCTGTGTGACTTTGAGGTTGTTGCTCCCCTCTTGGGGCCCTGGGTGCCCTGTCTTCAGTGGAAAGCACTGTGCCACCTTGGAAAGCTCCCATGGGCAGCCAGAGGGCATCGCAAGAAGAGAAGCACAGAAGGGGCAGGAGAGACACTCAGAGGCACTTCCGCTCTTGCCCAGGACATTTTCCCAGCCACACCTTTGCCCAAGCCGTGCCCCCTGCCTGGAGCACTTTTCAACCTCTTCTCTGCAGCTCCAATACACCTGGGATTGCAGTCTCCTCCAGGAAGTCTTCTCAGATTCCCTCCTTCCCAGCCAGAGAGCACCTAGCCTTCTTTGGGGCCCCCACAGGCCCTTTGTGCAGTGAACAGCCCTGGCTGGGGGTGCAGCCAGTCGTGTCCGAACTCTCCAATGACTAAGCGGGGAGATGCGGACATCCTAGCTCCTTCTCAGGCCTCCAACTGTGCCCCATTTCCACCCCCAAATACCTCCCCAGGAGGCACCTGTGCCCACCCCCTGGGCTGTTTCCCCCTTCCCCTTAAATCCGGATGCCTCGTCTTGCATAGGGTCTTGGGGCAGCGGGGAAGGGGTTCTGAAGAACTCTGGCCAAGAGGACGAGGATCTGGGGGTGGGGAACTGGGCCTAGCTGTGGGAGGTCATCGCGGGGCATTGCAGGGAGTGCGTTGTGGGAATTCCGGGTGGAGACCCTCAGGGCAGTGTGCCGGGCCTCCGTTGCACCTCTGACCTGCAGCCACGTCATCGTTGCGCAGCCCCTGGGGAGGGTCTTTGGGGAGGGGGTGCCGAGGCTACGCATGTCCTCGAGGGCCGTGTACACTCTCCAGGCACCATGGGCGGAGGCGCCAGAGGCTGGGAAGAAATAATGTTTTAGTTAAGAGTCCTGTTGGCTGCAGGACTCAGAGCATGGACAGGTGGATAGTAAATCACCACCACGGGGACAGCCGTGCCCAGACTGTGCGTTTGCTTAGCTCGGGGACAGCACTTGGCCCGGGGTCTCCTGCTCGCCTCCCTTCAGAGCATCTGCCAAACTTCGGGCATCTACCCTGCAATTCCCGCTTGGCTGAGAGGAGGGGGAGAAGGAGGGGAAGAGAGAGGAGCCCCACTTCACTCCGGCAGGCAGACCTGCTGGAGCTGCTTTGCAGAATGACTTGGGTCTTGCTGGCCCCTGGGTGTGCCTGGAGGGGGGTCTTCCTATCCCCCTCCACCTCTCCCCTTGGTGCCTAACCCAGGACTTTGTCCCCAGAGACCCACTGTGTGCCCCCTGGAGCTCCTCCTAGAGCAGAGTCTGCTGCTGTCTGTTCTGCAGAGGGTAGCCTGAGGCCCAAGGAGGTTGTCAGGGACACACAGCAGGGGGAGGCAGCCCAGATCCCTGCTCATGCGTGGTTTGGGCCTCTGCTAACAGCTGGGCCACATGCGTGTATCTAGAGCCTGGGTCCCCTCTGTCCTCATTTCCCTGTGCATATTCAGGGACATGCCTCGTCAGGGTTTGGCAAGAAAATGGGGCATTTAATAATCTCCCCAGTTTCATTCCTTGGTCCTTACTCCATGCCAGGACTTGTGCACATCTTTTTGGAGCCCTGTCTCACTTGATTGACAGCCGGCCAGGCGCGGTGGCTCACGCCTGTAATCCCAGCACTTTGGGAGGACGAGGCAGGCGGATCATGAGGTCAGGAGATGGAGACCATCCTGGCTAACACGGTGAAACCCCGTCTCTACTAAAAGTACAAAAAAAATAGCCGGGCCTGGTGGCGGGCGCCTGTAGTCCCAGCTACTTGGTAGGCTGAGGCAGGAGAATGGCGGGAACCCGGGAGGCAGAGGTTGCAGTGAGCTGAGATCACGCCACTGCACTCCAGCCTGGGCGACAGAGCGAGACTCCGTCTCAAAAAAAAAAAAAAAAAAGATTGACAGCCTCACTGCTCAGGGGCCAGGATAACAGCCCATTTTACAGATGGCTTTTGGCTTGCCCAAGGTCACCACCCTCTGAACTGAGGCGTCCCCAACCCATGCCGGGAGCTGGTGGAGGAAGTGGGGAAGGGTTTCCCGCTTCTCCACTGGGGGTGGAGGTGGGAGAAAGCATTTTCAGGGTGTTTTGACATTTAACAAACAGTATGCAAATCACATGCAAATCGCATGCAAATCACCACCCATTTCTTAAGCCTCGACAGCGCTGGCATGTTCTGAAATAATAATGTTGGACCTGTCCCTTGATGATGACCTGGGTCGGGAGGTGCACGGCCTTTTCCTTCCTCCGTCTTCCCTTCCCTTCCCTTCCCTTCCCATCTGTTCTCCCTTCCTTCGCCCCCTTCCTTTCCTCTCCCTCCCTATCTTCCATTTTTCTCTTCTTCCTTCACATCATTTGTCCAAGACCTCCCTGGCCTGAGATAAACATAAGTTGCAAAAGTGGCTTCCTGCAGCCCATTTTCCAGGTTGGGAAACTGAGGCATGGGCCTAAGGTCCCACAGCCACACCGAGGAAAGCAGCCCCCACTGAATGTCACCATGCACCAAAGTGCATGGTCCTCGTGACACAAAGAGGGGAGATGACAGTGGCTGGAGTTGTCAGAGCTGCTTTGAGGAAGCTCCAGGCCTGATAGGCTTGACAGGGCCAAGGGGAACTATTGTGGAATGTCTTGGCCTTGAATGACAGGCTGCTGATTTTGGATCTGGAGAAAGCTCACACTGACTCTTCCTGCTCCCCCAGTCTGTTTTTCTCCTGCTACTCCATCCATGTATCCCTGAGTTTGGGCCACAGTCCCTCCACTTGGTTTGCATGTCCCACCTTCTTTGTTTGGCAAGCTCCTATTCATCCTTCAAAGCCCTAGCTTCAATACCTGCTACTTCATGCAGCCATTGCTTATCCTTCAAGGAGAGCCTACTTCCCTCAAGGACCCTGCTGCTTCCAGTCTCACCTTCTGACTCACTCGGGATCCACTGAACTGGGAGGTCTGTGTCTCCTCCCAGCAGAGTCATCACTACCTTTGGGGCCGCAGGATCACCCAGCTTGGAACTAGATACAGAAATGCTGTTTTGAGAGTGTACTGAATAAAAGATTACATGTTTGAAAACAA,CDDP,N.N.Cl[Pt]Cl
FOXD2-AS1,lncRNA,CCTGTTCGGCGTCTTGCAGCAGTGCCTGCGATCCCGCGTGAGTCCGTCGCTCCCTCCGCGAAAACCTGGACTCTTTCCCAGAAGCCTTGGGCTCCAGCACCATGCCTGCTGCAGCCGCCAAAGAGCGGGAAGCCACAGGCTCTGCGGGTCTTGGTTACAGCGTCTCTGGTCGTGCCGGGCCTCCTTCTGCATCTGTTCCACGGCCCGGCCATCTCCCTCGTGCAGCCCAGAACAATTGGGAGGAAGCGTTGGCGGGCGGAGGGGGATGCCTGTTGGGCTTTTCCACTAGTTACTGAGTGTTTTTTGCGAAGAGTACGTTGCTATCAGTGGCGTCCGGGTCGTCTCTCCCTCTCTTCCTTTTGGTCCCCATAAATGAGCTGTTCTCGGCTCTGGGAAAGAAAAGCCCTCCAGCGATTATGCGGATCTAATTAAGTCAATCAGGAAACTGCCGGAGAGCGGCACTGGCTTGAAGCGGAGTTTGTCCTGAGGCACAGCGGAACGATTGCACGCGGCCCTTTTCAGCGGTTCGAGCTCGGCCAGCGCCGGGCTGCAAACGGAAGCCTGAGCTGGGCTTGGGGAACTACGCCCGCAGATTTCTCTAATTTTATTCACAAAACTGGACACCCTCAGGGAAAGCGGCAAAGCCGGCGCGAGCCTCCTTCCCACTCTGGACCTAGCTGCAGCTCCAAAGCGAGATAGCTGTCTAGCCTCAGCCGGTACAGCTCCCGGCCCCTTTCTCCACCCGGATCTTCGGCTGCTCAGAAGCGATCAGCTCCCTTAGCCCAGGTGGGAGGCGGGAGACTCCAGATCCTGTGACCCGCGGAGGCAGACCTCAGACATGTTCCCCATGCACAGAAATGACTGGGGCTCCAGTGTGTGCACCTTCAACTCTGAAGCCCACCTGCCCACTTCAGGCGCTGGCGCGGAGATAACCACCACGCGTCTGCCGGGCAAAGTTCGAGAGTGAATTTACATCTTCTCTTTCCGCTACTCCTGGCCACTGTCCCCTCCCAGCCCCATCTCCCCCGCCCCCAACCCTGGACTATGTGGTAGGGGACTCGCTTAAGCACCCAAGTACTGCGCGGTTGTTGAGACCAAGGCGAGCTGCGGAGCCTGTGGGCTGTTGTTCGTGGGAAGAGGGTTGCGACCTCAGGAGAGACCGAAAACAGCGCCACTTGAAACCCGCCGGTCCTGAAGATCACAGAGTTCCCGGAGTGGTAGGGAAGGCTCCACGCTCTTGAGAGCAGAGGCGGCCAGGGGCAGTGGGGGACGCTTCCAGGTATGTGGGAAGGAGAACTTCATGTCTAAGTGCGCTCTTGTGGGTTTCTCGGCCAGCTGGGCCGAGCCTCTCTTTCTCTGTCCTCATGTGTCTGTCCTCTGGACAACAGTGGCTCTGTATGGCGGATTGCGACCCTGAGTGACGGGCGCCTGTCTTGCATCCTGTGTCCTGTGTCCTCCCCTCCAGACCTCATGCTTGGTGTCCACAGAGTGGACCCAGGACTGCCTGGAAGGCTTATCATCCAGGCCCGCGACTTCCCCCCAGAGTCTGAAGCCTTGCGACCTGGTCGGGGACGACAAACCTGCTCGGGGTCAACAGCGAGACCCTAGTGGGGAATGAGGATGGGTGAGGGTGCGCCTGGGTTGAGGGTCTGTGACTGTAGCATGGAAAAGGAGTTCATGCAGGGATCGCACTGAGGGACAGCCAAGAATACTCCAGCGGCAGCCTCCCTCCTACCAATTACACGCCGCCTGCTGGCACAGTGGCACCTCGGGAACAGGACGCCCTTCCGGGCCCTGAATTGGGGCAGCGCAGGAGGGAGGGTGCAGAGCCATAGCGACCTGTGTGTACCATAGACATGCACATGCGCTCACCTTCACGTGTAACCCTTCTGAGTCCCAGACAGGGTAACTGGCGAGGCCGTAAGTACCCTCGTGGGGGCGGAAATATTGCCGCGTCCCTGAGTCCTCTGGGCAGATGCAGAGCCGCGTAAGCCTCATAGAAGCAAAGCCAGGGGAACAGTGGGAGCTCTGGCCTCGCGGTGCGGACGCTAGTAATGGATTCCTGGGGAACAGCGACCTCTGGAGGAGCCTCTCATCCACACAGAGTCAGGAACTAAAGGACTGGTTCTGAGACAAAGCACCCTTTCCTCACCCTACTCCCATTCCACCCGCTTGGAAAAGTTATCCAGAGACTTTTAACCTCCGGACTCCACTCTTCGCTTATGTTTGCTTTTTTTTCCAACCTGTACCCACGCTTCAAAATCCCTGCTCCAGTCCTGCCTCTTCCAGAAAGAAGCCTTCTGGCCAGCCCAGTTCCTCTTCCCCTCTTCCTGTTCTGAGCTCATTCTCAGGCCACACTGCACAGCCAACCTGCTTCCTGCCTGCTCTTCTCCAAAAAGACTGTGAATCCACTCCACCCACGCCTTGTGTTGCATGCTGGGCATGCCGTTCCCTGCCCCAACCCACCCCACCCCCCAGTGAATAAAGACTGAAGTTATTCATTCCAAAAAAAAAAAAAAAAAAAAAA,CDDP,N.N.Cl[Pt]Cl
CYTOR,lncRNA,TCGTTCCAATGAGAATGAAGGCTGAGGTGTGCGCCTTTTTTTTTTTTTCCTTCTTAGTCGTGTGTACATCATTGGGAATGGAGGGAAATAAATGACTGGATGGTCGCTGCTTTTTAAGTTTCAAATTGACATTCCAGACAAGCGGTGCCTGAGCCCGTGCCTGTCTTCAGATCTTCACAGCACAGTTCCTGGGAAGGTGGAGCCACCAGCCTCTCCTTGTCCTGGAGGCTGGAAGTGCAAAAGGAAGGTGTCGGCAAGATCGTTTTTTTCTGAGAGCTCTCTCCTTGGCTTGCAGATGGCAGCCTGCTCCTGGCACAGTCTTTTCTCTACTCATGCCCAAAGTTACGGAGGACCCAGCAACCATCTCCTGCAGCCCCTGGAAACCTCTTGACTCTTCTGTGATGTCCCCAGTGATCCAGCAGCCCTGGCCTTCTTTTGATGGCTTGAACATTTGGTCTTCATTGAACAGTTTGTATATTGGAAACTTGCCAGCCTCCATCCACATTCCAACCTCCGTCTGCATCCCTCGAATAACTGGGAGATGAAACAGGAAGCTCTATGACACACTTGATCGAATATGACAGACACCGAAAATCACGACTCAGCCCCCTCCAGCACCTCTACCTGTTGCCCGCCGATCACAGCCGGAATGCAGCTGAAAGATTCCCTGGGGCCTGGTTCCAACCGCCCACTGTGGACTCTGAGGCCTCTGCATTTGCGGGTGGTCTGCCTGTGATATTTTGGTCATGGGCTGGTCTGGTCGGTTTCCCATTTGTCTGGCCAGTCTCTATGTGTCTTAATCCCTTGTCCTTCATTAAAAGCAAAACTAAAGAAAACAGAAAAAAAAAAAAA,CDDP,N.N.Cl[Pt]Cl
HOXA11-AS,lncRNA,GCCACCTCAGGGGAAGCAACAGATCGTCACTCGGTGTTCTCACCGAAAGCACGTAATCGCCGGTGTAACTCATGTTGGCTGGGGGGCCTCCCGGCGCGCGCGGAGAGGCTGGGGTGCGCCCCCATGCAGCATGCTTGTGCTCAATTGCAGGGTCCTCGTTCTCGAGTGTGCAGAGGGCGGTGAGAGCTCAACTCTCGTCCCCACCTCCCACCCGCAGCTCCCCGGGTGGGTGAGGGATGCCCTGGACTGGGGATAGCCAGGTGGGAGTCCGTCGCTGTGTGGCCTGTGGTCTCGGAGTCTGTTCTCCTGGAGTCTCGCATTTGCACCCCCTTCTTCGCAGTCCCCCTCCCATAGACTTGCTCTGGGAAGCGCCTCTGCCTCCGACCCTAGCCGGAACCCCTTCGGGGCCAGAGTTTGAAGCCGTGGATGTGCCTGCCTGGTGGCTTGTCCGATTTGCACGGTGACTTGATTACACTCTCTCATTCATGGTCACTTCCGAAGCGCTTTAGTGCCTTCCGTCCCTAAACCGCCAACAGCCAGAACGGCTTCTCCCCGCGGTTTGTCACTGATCCGCAGGGCCCGGAAGGGCCTTCGTCTTACCCGGGATCCACCTCTCCCCTCATCTTCCCTGCCTACCTCTTCATCCCACCTTCTGTCCTTGGAGAAACTCCCTCCTCCTCGCTGCCTGCCGGGCTTCGGAGTGACTCGGCAGAGACAGAGGCACAGGGGCTGCCCTGCTGCTCACCGGTCCACCCATCTGCCTGGTCTTCTGGAGCTGAGGACTCGGGAAACCATGCAATTGAGGCAAGCCTTGGGCTGCTTTAGAGGCGCTGACATCCGAGGAGACTTCTCCTGGGAGGTCCAACAGCCGAGCTTAGCCCACCGGGCTCTGGGAAAGACCCGACTGAGGCTAAAGCCGCCCCGGAAGGCCAAGTCCGAGTTCCATTTCTTGAAGAGGCCGGCGCGCGTAAGGCTGTGACATTGGCCCTGGCGACTGGCTTCCCAGGAGCTGTTCTTTCTCAGGAGCTCCACAGCGCGGGCCATCTCCAGAAAACTGTCTTCAGAGTGTATTTCCTTTTATCGTCAACCCAGAGCCCCACCGCGGCTAATGCAAGAGGCCAAAAAATGTTTGGAGGAAGAAAAACAAAGGCAGGAAGTGGCGGCGGCCTGACGGTGCGTGTGTGTCTGCAGAGAAGGGAGGGAGCCGGCTCAGTCTCTTCTTGTTTTTCCAAACTTCAAGGTCCAGGCAGCCCTCTGCAGGGCCGGGCCCCATTGCTCCCCGCGCGGCATTGGAGGTGGCCGCCCGGAGAGGAGAAGGCCAACGCCTGCGCCAGGCTTGTCAGGCGGAAACGGCTAACAAGGAGATTTGGTCAGCAAAACAGACCCAGCCTTTCCGAGGCTTCGTCTGACTTGGCCCGAAAGGTTGGGGAGGGGGGGCTTGCGCAGAGCCTCAGGGACCCTCCTCTCTGGGGACTACCATCCCTGAGCCTTACGCTTCTTTCCACAGCCTTTGCAGGCGGAATATCGGAATAAAGTGGGTCCAGGCGCCAAAAAAAAAAAAAAAAAAAAAAAAAAAAAAAAAAAAAAAAAAAAAAAAAAAAAAAAAAAAAAAAAAAAAAAAAAAAAAA,Dicoumarol,C1=CC=C2C(=C1)C(=C(C(=O)O2)CC3=C(C4=CC=CC=C4OC3=O)O)O
EGFR-AS1,lncRNA,CCATTTCTACACAGTGTCTGTTTCCTCAGAACACCGGTCTTCACCAAAGGCGTGGGAAAGGGCAGAGAGCACAGGACATATTCTGGAATTCAGGTCACCTTTTACATCTGCCTGGAGTTGGGTGAGCGCCTCACGAATGACTCGGCAGGACTGACTGCCACTGCTAACCAGGCGGATGCAAGCAATGAGGAGGACCTGCCCAGGCCGGGTGGGTGTCTGCTCCCTCCCTCTGGTCCCTGGCACATCTCTGGACCCCCTGCCCTGCTGTCGGAGAGAGATGACGGGCAACGGCGTATTCTCAGAGACAGGGCCTGCCTGCAAATCCTTTAAAGTCAATGGGATGAAATGTATACCCATTGTTAGAAAAAAATAGGACTTAGCAAGTTGAGTGCAAATAACTGATGCAAGACTGGGATGGAGATGGGAGGGGTTTGGGGCAAAAGCAGAAGTCTTTCTGGGTCCGCACCAGCTGTGAAATACCTGGCTTGTTGTTCTGTGCCTGTCTCCAGCACCCAGGCAGGGCTACCTGACCACTCTGCTCTCTCAGCCCCGCCCTGGCTCTGGAGCGAGCCTGTGGAAAGGGGGACACTTAGCCAAGGCCCCAGCCACATAGCAGCAGCAGCTGCGCCCTCTGTCAGCTCCTTGCACCTCCTCACTGGGCCTCCTGCAAGGCACCTGCTCCACTCCACCACTATCACCTGGGTCCTCCTGGCCTTGGCCTGGCTTGCTTACCTTGTTATCAAGTCCTGAATGGGGGAAGCAATATTCCTTCTCCACTACAAATCACCACAGTATTCACAAAGAATTCCAGAGAAATAAGAACAGAGACATCAGACCACACTGAGCACTCAATAAAGAGAAAATTCTTCAAAGGTAGCTGATTGATGAGAGTTTCCACATGCAGATGGGACAGGCACTGATTTGTGCACAAGAAGATCAACTTGATTGAATCCAAAATAAAGGAATGTGTGTGTGCTGCATGCACGCACACACATATCCCCATGGCAAACTCTTGCTATCCCAGGAGCGCAGACCGCATGTGAGGATCCTGGCTCCTTATCTCCCCTCCCCGTATCTCCCTTCCCTGATTACCTTTGCGATCTGCACACACCAGTTGAGCAGGTACTGGGAGCCAATATTGTCTTTGTGTTCCCGGACATAGTCCAGGAGGCAGCCGAAGGGCATGAGCTGCGTGATGAGCTGCACGGTGGAGGTGAGGCAGATGCCCAGCAGGCGGCACACGTGGGGGTTGTCCACGCTGGCCATCACGTAGGCTTCCTGGAGGGAGGGAGAGGCACGTCAGTGTGGCTTCGCATGGTGGCCAGAAGGAGGGGCACATGGACCCCTTCCAGGTGAAGACGCATGAATGCGATCTTGAGTTTCAAAATACGTACTCATGGAGGAAAAGCTGTGCCTGCAAAAGACCTAGCACAGGGACGTTTACGCAGGGCTGTGAAGTGACAGATGCAGTGGGAGAGGGCCCCTCCTGGGTGCATCTGGGGATTCCCCATGACAGAGAGGCCCAGGCAACAGTGGCCATGAGGAGCACATTGGATAAAGGAGGAGTCGGAGTCACCTGATCTCTGAGTTTGGGAACTGATAGTATCTTTGTTATGAAGACCTCCGCCTCAAGGTTGAGGATGCTGTGTTTTAAAATATCATGAGGGCCTGTAGGAATCTGTGTGGGGTCCGGAACACCCTGGGTAATGACTGACCCTGCACATCAGGAACGCTGGCTGTGGGTGCTGCAGAGGACAAGCGATGGAGAAGGCATCCGGGGAGCACCGAGCCAGCAGGGAGAAAGGCCTCCCTTCCCCACAGGCCAGGCTTGGCCCTGACTGTGCTCTGGGAAATGGGTGGGCATTTGGGCTGGGGACCCTGCCCACAGCACCTCTGCAAAGAGTAGCTGGATAAGCTCTTTCAATAGACCAGTCCCAGGTTTTGAAATGGACAGAGCATTCAATCTACAGTGACTAAAGGCTGCCTGGCTGCCCGGGACCCATTTCTAAAGAGAAGTGGTCTCTCTGTGCTGTGCCCCCAGGCTCCCTATGGGAAATCCATGCTGCACTGAGTCAGGCATCTGCTGCCCTGCTAATTCCGGCTGGCTGCCAAGGCAGGGGCCTTCCTTTGACAGAGCCATAAATACAGACTTTATTTTAACCCTTCTGCTATTCTTGGGCTGAGGAAGCTAAATTTATTTGCAATCAGGCACACAATGGGGCCCTCTTTTCTGTCTGACTGAGAATGAGGGAATCCCCAATTTCCACCCATAAATTCTCTTTCTCTTTAAAATACAAATGGTGGTGACCTTTTATTCAGATATGGAAAAGAACACACAGACTGTAGCAGAAAGCATCCACAGCTGCTTTTCACATCTCAGCAATGCCTATGTTTTGAGTGTGGACTTGGGCAAGTTAGTTTCTCTGCAGAAGTGAACACACTGAGCCAGGCTCTGAGATAGGGTGCTGCTCCAGGGTGCCCGGGCAGGTCAGGAGCAACAGGCTGGCGGGAGGCAGGGTGGAGATAGGAGACAGGAGACAAAGGCAAGGTGGGGCGAGGGGACACAGACAGTGGACCCTCAGTATCTGGGGAATTGGTTCCAGGACCTCCCTTAAATATCAAAATGTGAGGATGCTCAAGCCCCTGATATAAAGTGGCACAGCATTTGTGTGTAACCTACAGACATCCTCCCATCTACAGCATCTCCTGATTACCTATAGTACCTAATACAGTGCAAATGCTATGTGAATAATTGTTATGCTGTATTGTTTAGGGAATAATGACAAGAAAAAAAGTCCGTATATGTTCAGTACCGATGCAA,TKIs,C1CC1C(=O)NC2=CC=CC(=C2)NC3=NC=NC(=C3)NC4=CC=CC(=C4)C(F)(F)F
IPO7,circRNA,CTAAAGAATATATCACACCATTCATCAGACCTGTAATGCAGGCTCTTCTTCACATTATAAGAGAAACAGAAAATGATGACCTTACCAATGTAATTCAGAAAATGATCTGTGAATATAGTGAAGAAGTTACTCCTATTGCAGTAGAAATGACACAACATTTGGCAATGACATTTAACCAAGTAATCCAGACGGGGCCAGATGAAGAAGGTAGTGATGACAAAGCAGTTACTGCTATGGGAATTCTGAATACAATTGATACACTTCTTAGTGTAGTTGAAGATCATAAAGAG,CDDP,N.N.Cl[Pt]Cl
WDR37,circRNA,CTATTTTGAAGATGAGGAAGAAGATTCTAGCAACGTTGATTTACCTTACATTCCTGCTGAAAACTCACCAACTCGCCAGCAATTCCATTCCAAGCCAGTAGATTCTGACAGCGATGATGATCCCTTGGAGGCATTCATGGCTGAAGTGGAGGATCAGGCAGCTAGAGACATGAAGAGGCTTGAAGAAAAGGACAAGGAAAGAAAAAACGTAAAGGGTATTCGAGATGACATTGAAGAGGAAGATGACCAAGAAGCTTATTTTCGATACATGGCAGAAAACCCAACTGCTGGTGTGGTTCAGGAGGAAGAGGAAGACAATCTAGAATATGATAGTGACGGAAATCCAATTGCACCTACCAAAAAAATCATTGATCCTCTTCCCCCCATTGATCATTCAGAG,CDDP/gemcitabine,N.N.Cl[Pt]Cl/C1=CN(C(=O)N=C1N)[C@H]2C([C@@H]([C@H](O2)CO)O)(F)F
CRIM1,circRNA,ATGAGAACTGGACTGATGACCAACTGCTTGGTTTTAAACCATGCAATGAAAACCTTATTGCTGGCTGCAATATAATCAATGGGAAATGTGAATGTAACACCATTCGAACCTGCAGCAATCCCTTTGAGTTTCCAAGTCAGGATATGTGCCTTTCAGCTTTAAAGAGAATTGAAGAAGAGAAGCCAGATTGCTCCAAGGCCCGCTGTGAAGTCCAGTTCTCTCCACGTTGTCCTGAAGATTCTGTTCTGATCGAGGGTTATGCTCCTCCTGGGGAGTGCTGTCCCTTACCCAGCCGCTGCGTGTGCAACCCCGCAGGCTGTCTGCGCAAAGTCTGCCAGCCGGGAAACCTGAACATACTAGTGTCAAAAGCCTCAGGGAAGCCGGGAGAGTGCTGTGACCTCTATGAGTGCAAACCAGTTTTCGGCGTGGACTGCAGGACTGTGGAATGCCCTCCTGTTCAGCAGACCGCGTGTCCCCCGGACAGCTATGAAACTCAAGTCAGACTAACTGCAGATGGTTGCTGTACTTTGCCAACAAG,CDDP,N.N.Cl[Pt]Cl
AP1M2,circRNA,TATTTGGCATGATCATTACTATCGGCCAGTCTATCGTGTATGTGATGACCGGGATGTATGGGGACCCTTCTGAAATGGGTGCTGGAATTTGCCTGCTAATCACCATTCAGCTCTTTGTTGCTGGCTTAATTGTCCTACTTTTGGATGAACTCCTGCAAAAAGGATATGGCCTTGGCTCTGGTATTTCTCTCTTCATTGCAACTAACATCTGTGAAACCATCGTATGGAAGGCATTCAGCCCCACTACTGTCAACACTGGCCGAG,CDDP,N.N.Cl[Pt]Cl
PARD3,circRNA,TACGTAGAGAAATCGACACTCTTAATGAACGTTTAGCTGCTGAAGGACAAGCGATTGATGGAGCAGAGCTGAGTAAGGGCCAACTCAAAACAAAAGCCAGTCACAGCACCAGCCAGCTCTCCCAGAAACTGAAGACCACTTACAAGGCTTCCACCAGCAAG,CDDP,N.N.Cl[Pt]Cl
EIF6,circRNA,ACTTCAAATCATCCCAACACCAGAGAACACTAAATGACAGTGGACAGGAAGACAGTGTACCTTTTGCTCCTGATGATCGTAAGAACAACCTCCTTCCTCTTATTGTGAAGTGCAAGGTGCAAAAAGGAGGCCTGCTGCTTGTTCAGGACTATGTCAGCATTGTGGCTCAGAAGAAGCGCAACGGCTTTGGCGTGGCCTTCCCTTGCAGCAAAGTGAAGTGCAGTGTTCTTTTGAAGAAAAACAGACACAGAAAACGTGGTGACAGTGTCTAATCTGTCTTATTTCACTGCTTAACTGCTTAAAAGACATTAGCGACACTATTTAATACCAAAATACATAGCACTTAAAACTGGTGTTCAGAATCAAGCTTCAAAATAATGAGTTTATAGTTCTAGCATGGTGTGTGTGCATGTGTGGGAAGTGGATCTGTGTGTGTGTGTGTGTGTGTGTGTGTGTGAGAGATAGAGAAAGAGAGAGAGAGAGAGAGAGAGAGAGAGAGAGAGAGAATGAATTCCAAGGCATTTGTTTTGTGTTGCTTTTGCAATGGGATGATTCCACAAGGACAAAGGACAAGCTTTCAGGGTAAAGATGTTGGGTTGAACACAGAAGAAAATCCTCCTGAGATTGATCATTTGTAGAACAGTGGCTTACAGATTTGGGGCTTCACAAGCTTGTAAATGTTTTTTAAAATCAGAGACTGTTATAAGTTTGCCCATTTTTAGTTTCTCCACTTAAAGACTTTTTTTTTTTGAAAAAGGCAACAACAGTCTTCTATCCCCATCATTTTATGAACAAACGTACATTTCAAAAGTTACTCTCCCCAAAGGAAGGAAAGACATAATAGCACAATAAAGGGCAGCATTTCAAATCAATACACTTCAAAATAACACTTATCTTAATGAAAACTCACCCCTGCCTTCATTTCTCTGGACCTACCAGGGAGTAAACGCTTTACCATCAAATTTCATTGGCCTGTGGACCTCGCTGCTCTGTGAGACTGGAGGTTTCCCCAACATTCACCCACCCCTTGGTATTCTCCCAATTCTGTTGCCTTTTGATTCATACTTCACCTCAAGAATCCACTTGCTAAACACCCAACAAAAGGCTGGGAATAGAGCAAGGAAGGTAAAAGGTGTCTAGGAGAGTTTTCTGGCAATGTTGGAAGTTTCTGCTATATTGAGATTTTGGGTAAGCATGAGGACCGCAGTACATACCCCGTCTTCATCCAGGCGATCTGTGCACTTCAAATTAGTATCAAGAATGACCTTCATGGTCTGAGTGTACCCGCCCATGGACGCATGATGCAAAGCTGTCCAGCCATTGTGGTCACTGGTAAAGAGTTAAGAAAAGATGTGTGCATACACTTAACAGATGAAATGCGGGATGGGATGCCACTTGGCTTATTCTAGGTAAATCTGATGACAACAAAAAGCATTATTGAGATCTGGCAACTAAATATTTATAAAACATTTATAATAAATGAGCTAATTCCAAGCTCAATGATCTTAAATGACCTATTTCTAATGTGATTCATACACGTTTTTTACTTAGTGGTTTAAAATATGAAAGTATATAAACACATTACCAAACACTTTGGGGTAGGAGAAGTACGCTTAGCATGTCTGTGTCATACCTAATTTTTTTAAAGCTATAATGAACTGATACACATCAATTTAAATCTTGTTTTATTCTTTCAATGAACACTGTATCAAAATTTTTTTATGAAGTAATGTTAGTCTTTGTGGTCAATAGTTATTGGTAATACTACTAGTAATATGATACATGGCTATAAGATGCTTAGCTTAGTGTCAGTTATTATTCTAAGAGTTTAAATCTAAAAAGCTTCCCTCTTGTGCTCTGAAAAATGCTTACTCAATTGCTTTGAAAAATGTTTATCCTTTTCCACAGAAATTCAAGATGTAAATACAACAAAGCCTTGTCATATTAGCTATCTTTTTTCAAATTAGACAGAAAAAAATTCTTGACACTATTTAATTTCAGTGCTAGTGAGCAGATGTTTTAGGGTGCAAGAGCCATGTTGCTATTTCAGTTATGATGTAATTAAGCAACAACTGTCTGGCCTGGGTCTACTTCGGTCCCCTTTGCAGGTCAGTTGCTTGGTGTTTCTTTGTAAACCAGAAAAAACTGAGCAAAACATTCATTCATGTAGCTGTAGCACCAATTTGCTGGCATCAATATTATGGTAAGGAAATGTGTTTTTGAACATTAGCCTAATAAGCTCTTTGCTACTGCTATGGTAAGATATCAAATGAAAAACCTCTGTAAAACATTTCCAGGTTTTTTCTTTCTTATCACAATATCATTTAATTATGCCACATATTTTATTATACTTACATATTTTAACTTTGTTTCTTGTACTTGAGTTCATTTAAGTATAATAAAATTCAGAAATTTTTACCATCTCCTGTTGTCACTTAAAGGGAACTTTTTATGCCTACCATTCATCAGATTGAATGAAAAGTAGAGTATTTGAACTTGTATGTTTTGTGTGTGTGTGTACGTGCATACACACATACACAACCACAGTTTTGTATCTATATAGGAATATGGCAGCATGATGAGGTAAAATATGAGAAACTATGTTTCAAAGAAAGGTTCTGAGAAAGACTGCACAAAGCCAATTATTCTGTGAACAGAATATTCTTGAACAAGGTTCTTCAACGCTATAAACTTCAAAGTCTTTGTCAGTTGGAAATAATACTGACTTCCCTTTCAGTATTTTTAGAAGTTACATATGTTTTGATGAAAAAATAAATTGGATAAAAGTACTTAGTGAGATATAAAGTTAGACCTCATAATTAAAAATATAATGAAAAGATAGCCTGAAAATGGCTAATTAAAGAAATTATATAAACACTCCAATCATATATCCTCACCTGAGAAACAATGCACCTTTTTTCAGAAGAAGCTGAACTACTTTATCATGTCCATTCTTTGCTGCCAGATGGAGAGGAGTCATTCCATGAAGGTCACCTTCATTCAGAAGCCTCGTATCACTTATGTCTTGTAGGAGCCTCTGACAGGTATTGATACGCCCATAACTTGGAAAAAATTAGGTTTCATATTTTCAAGGCAAATATTAAACAGAAAGAAGACATGTTCATACATTGCTAGACTGACCCTTACCTGGCTGCAAAATGCAGAGGTGATTTCTTATCTTTGCTTTTGGAATGAATGGACACATTAAAGCCAAGTAGGTTATTTACAGAACCAGGGCCCCCCTGTCTACATGCATAATGTAGAGGAGTACACCCATCGTTGTCTTCATCCATTACCAGCTCTTTGATCTGTTGCATCTATAGGAAAAAATTAATATCATACAAATAACTCTGCTATTATGCTAATATGATGGTTTTCAAACTATTCTGTAGGAAAATATTTTCCAACAAGGGTCAATATGTATTCCTTGGGGCCAAAATTGTAAATAACCTAAAGGATTTGAGAGTAATATAAATATGAATGAAGTTGAATGCTCTGTCTTCATTTAGTGTACATTACCATATTAGTGTACATTACTGTATTAAAGGATCTGAGAGATCATGCCAATAGGAAAATGTACTTAACATTTTTAACTCAGCATTTTTCAAATATATTTGATCATGGCCCTTCCCTCTGCCCCTCCTCTTATTTCCTCCCACCCCCAAATAACACCCAACAGCTTCATGTTAATATGTTCTGTTAGGTAAAATGGATGGGATGTAAACATTAGGTTTATTTTATGTTTTATATGTATAGTAAATAAAAAATGAATGATAAATGAGAAGCTTAAGCCTATCAATTAATATTTTGTTATTTTTTAAATATTCAAACACATATATATTTTGATTATTAAATACTGGCAATATTGAAATCTATTGATGATAAAAATATGATGTATTTCACATACATGTGCTAGTCACTCAGTAAGTATTAGCTGGTGAATATAAATATAAAAATAATGCTTTCAACCTCTCCTCAGAAAGTCAAGTATGCTGAGTAATTTTTCTTAATTGATGGTGGAGTATTGATAATTCATTCTTATATTTGGCTTTTCCACTGATATGCAAATCATAATGGTCAAAGAATGAAGAAAATCAAACTAATTAAGGATGTTATCTTTATCATAGATGACTGCATATTAAGTTTCTTTGTAAGTTAAAAAACTCAGTCTCACTACAATTAATTATCATTGTCATAATCATCACCACCACCACCATCACCATGTTGTAACTAAATAGTCAAATATGTCATCTTTATTTTAAAACATTTTTAAAATTCCAGAATCAGTTTATATAATAACAAAAATTATAATAAACAAAATTAGTTTATTTTCTGTTGAACCCAACTCAGTTAATGGCAATCCACAGATATACATTACCTGCATAAATTCAGGTCGCAGATTTTTTAATCCATAAGGTTGCTGTACAGTTAAATGCAGAAAATTACGTCCAAAATTATCTTTTATGTCTACTTGGGCACCTAAAAAAAAACACTATGTAAATATAAATTCTATTCATTTATTTAAAGCAATGTTTACGTGGATTTTCAACTTAGCAAAAAAAAATTTGACTAAAAATATTGTCGACCTTTAGTTTACAGGAAATTGTGTTTAGATGAGAAAACTAAACATATTTAAAATCAGGTTTAACTTACTCTCTGTGTGTGTGTGTGTCTGTATGTGTAAGTGGGGTAGAAAATATGTGATGCATTACATAAATACATGAAGCCTTACCTTTTAAAGCATAAAATGTAAGTATAGACACATTAGAGATCAAGAAAGAAGAAGATAGCAGAGAAGGACACCTCGCTCCTTTGTTATCAGAGGCCCAGGTTAGAATCTAAAACAGGGAAAGTTATAGTACCTACACCACACAGGACTGATACATTGAAAGACAGTTAATTAAATGTTCAGCAAATGCCTGGGATATAACAATTGCTTTATAAATGTTCTCTACTATTGTTCTGAAATTATCTTTTTAAGTATGCTCCCTTACTGGACAGAAAATTATTCTAGACATGAAAACTGTTCTGTTTATTTTTAAATTCACAACACCTGGCCCAGGGCCTGGCACACAATAGATGGTGGCACACAATGAATGTTCATTTGGCACACAGTGAATGTTCATCCAACCAAATTGAGTGGCACTTCAAAAGACTTGGCTTGTTCCCTCTTGGTACCTTTAGAGAGTAGCAAATTTACAATATTCCAAGATGCAGAAGCAGTTGCTAATATAAGTGGAGAGCGTCCTTCAGAATCGATCTTATTAATATCTGCTCCCTAAAAATCAAACAAACCATTCAACAAAGAGCTTAGAAACAGATAAATCATAATATATTGTAATCTCTAACTAATGGTAATTCATTGATACAGAGTGTCTATATTATGGCTAGCACTGAACCATACGACTAGTTATAGAATTATTTGAAAGTTTCCCATAGTTCATATGTTGTATCATCAGAAATCAAGAAATTCGTTTATAATTTCAACAAGAAATTATTCTCACATATTAGGCTTTTTACTTACACCTGGCAATAGCTCTTGTTACCGCTTGAACCATAAAAATAATATCTTTTTACTTAGATCAAGTTTAGTTTCCACTGCAAGAAATAATTTTTAAATGTCTATAATTTTAAAACTCTCCCAAATTCATTACATATATGATTTAAGAAACATTTACAAAACACCATTCACTTTTTTTAAAAATCCTATTTTATTGGAAATAGATGAACTGAAATAATTGAATCGAAATCACTCAAATTCTAAAGTAAAACTTTAGCCAAACATTTATTTAAGAAAATTTATATTTAAAAATCACATTAAACATATATTTTTAAATGAATAAGTCAATGTTAACCATTACATATTATAATATTTGATATGACAAGAAATCAAAGGCCTTTTAAAATTTCATGGAAATAATCCTGTATTTTATATAGGGTAATAAAAAATAGCTTAAAATCCAAACGTGAATATTTCTTTGTTCTTTTGGGGCCCAATGAATATAGATGACAATGGGGGCAGCATCCCCTTGGCAAGCTCCACGGTCAGTGAGGCTCTGCCACAGTTCTCTTGCCTGGTGAAGAGATGGCAGCCTTTGCAGGAAACCATGCATGACTATGGTTTATGGTTTATGGCATATAATGCATAGTTTATGGCATATAATGAGTCTCCCCAGCACTCTTCTCTGTAATTATCATAATTTCAATAGTTATGATTGACAACACACACACGTTCAATACTACAAATGGAAATCCGTCATTGCTGATATGGTGCAGCTTACGTAAATTCACCATACATTCATCCGTATAAAGGGCATATTAAAATTCAACTCAAAAGCTGACTGATTCCACTTCCCAGAGTGAAAAAGATCTCATGCTTCATGCTTTCACTTGTAATAAATCTTTGACAATATTTTTCAACTCCTCAGTTTTTAAAGGTGGCACTGAGGCATCTGGGATAGGAGTTTCCCCCCGTGCTGCCTGTCCTGCCTCCACCTTAAAGCCACCAGGGCTGAAGAAGGGGCACCGCCCAAGCTCACACTCCCGGAAGACCCTCTTACAGGCCATGGGAACAGCTTTCCTTGCAATGTACCTGCCAACTTCCTGCACTAAAAACACTGATATGGATATCCAAATTACGCTTTGACACTTCTAACTGTAATAGTTTGGCTGTTACGTATTCATATGCAATATACTCTGCTTCCAAGTATGTCAATCATCATTTTGTATACTTTTTGCTGATAAGCAAGAAATCAAAATTTGCTTCATTTTTGAAAATCCATATTATGTAATTATACGATTTCTTAAATTATAAATAGTAATAAAAATAAACCAGTAAAAGGAATAGTTACCACTGAAATTAAATAGTCTGCTAGCTCATGGTGATCAAACAATGAAGCTCTGAAAAAACAGAATTATAAACATTATAATTAAAGTACTATTGATGTAAATAAAATGTATTTAATAAAGCTACTATATTCGGAAAGTGAATTTAACTAATCATAAAATAACATGATAGAATGTTAGAGAATTAGTAAGCTTTCAAAATTTATAATTTGATTCTGATTAGGGTAGCATTTTCAAAGTAATAATAATAGGAGAACACCAAATACATCATATTTTCTTCCTCATCCTTTAAGAAACCTATTTTATCTTGTAAAATCACCGTAAAGATGTTTGAAGTGAGTAGTAACGTCTGTCCCAAGATAGAAAAGACAAGGAAATCACTGGTATTGCTATGATCCTGGGGAATAGAACAGCTACATGTAAGGTGTCCCTCAAATTCACTTGCAGGTTCAAAAGCCCCTCTTTGGGGGGCTTCTCTTTGGCAAAAGTTAAAAGGCAGTGTTAGCTTTTCTGAGTTTTTATGAAGCCAAAAATAATTATGGAGAGAACTGAAAACATTTTGGTATCATCTCACAGGCAGTCATAAGCAACACCATAACAAATGTTAATACTAATGACTTAAAGCTTTGTGTTTCCTATCGCAAATCTCATTTCTTTGTTTCAAGCTTCTCTCAGCTATTTTTGGCCTTTTATACATAAATTTCAGAATCAGTTTGTTAATTTGATTGACAAGAGGTTGCATTATATTTAAAATATATTAATTATATTTAGTAATTATAAGGGAATAAATTCTAACATTAAGGCCCCATTTTCCTAAGATAATTTCTCATTATGCATATTAATATATTAAGGCTGTGTTCTAAAGATACATTTAACAATAACCAAATCATTGGGTTTGTAAATTGGTGAAACATTGGAATCAAAGAGTTTTTTTCTTTAATTCCTGAGATTCATCTTAAAGATTTTCATATCTTCTAGGTTATAAATTGGCACTGGGATTTTGTGAGCTACCCACGTGATTCTAATGTGCAACAGTTTGAGAATTTCTGGTCTAGAGGTTAGTCTATCTATTGAGTTTTCATTTTATTTCAATGGCTTTTTTAACTTATTTTTTACTGAATTATTTTCATATCACCAATCCTGGATTCATATACGACAATCTGTTTTTCACAATCTTACGTTATCTTCATATATTTAGTTTTATATAACTGATTATTCCTTCCTTTAAATTTTTGAAGGTCTCAAATATCTTTATTTTAAAATTCTTTTTGGAATGCCCTATTATTTCTATTTTCTTGGAAGTAAATTTGTCTTTGGTCAACTTCGTAGTTTTTTACTAGTTTTATGCTATTAAATTTTAGGTTGCAAATTCATTCTAAGAGGGAGTTCCTTTCCATTCACACATATCCTATTGTGCCTGGTGGTTTGCTGCGTGCATTTATTAGAAACAGATCTTATATTGGTAGCTATAGTTTCTTTTTTTTTTTTTTCTAAGAGATACTGTAGAATTCCAGGTCCAGTTGCCTATTGAAAATATATTGGCAGCTCTGACTGTGTGTGCTTGTGTGTGTGTGCACGTGTGTGTGGAAGAGACCAAGAGAGTGAAGGCTCATCTCAGATACCTCTTTCACTCACATGGGTAGCATCTGATACTTGTCTTTCCAAAAGAATTGAATTTCCAGTCTACAAGTAAGCCTATGGCTTAATACACTTTGCCTGATGTGCGTTTCTGTTAAACTTCAAATAAATTTGTTATTGTTTTTGGAAACTTGGTTATAATTTCCTAAAACTATATCTTTTGAAACCATTTATCTATAATTGTTGGTGAGCAGGAGGGATTAGTGTGGGGGTGACATATCCATATGTATCTGCTCCATTTTTATCACTAAAAATGGGGATAAAATAAATATGAGAAATTGGAACAGATTAGAAATGGCTTGGAAGACCGTGTATGTAGACTTCTTTAGCACATAGAAAATTAATCTTGAGCCTACATCCACTGGACTTGAATCAGAATATGCCACAGGTGATTTTATTTTGTGAAATTTCTTTAACATTCTACTCCCATTCCCAAGGAACATACGCGATTCCGGTTGATCCACAGGGTCTTTGTTATCTTTGCCCTTTTCCTTTGAACCACAAAATCTTTGCTAGCATTAGTGCTAACTGCTCCTTGCAATGTCTAATTTCACTCATGAAGATGAAAAATCTGTATACAGAATGATAGGTAGGAAACTTGCCTGTGAAGCATGGTCTCATGACATCCATCGGTTGTGTTAACAATATCCACGCTACCAGAATAGGACGATATCATCAGTTTAACAATCTCAGTGGCTCCCTGGGTGGCAGCAAAATGAATGGCTGTGCACCTTCCCTTCTGTAAAGGGTTTTAATGCTAGAATCAATGTTTAAATCTCAATGAAAGAATATAACTTATATTCAGCTGTGAGCTTTTTCTTCCCAGGTTCATAAAATCAAGGAATATCTATCAGGCTGATCACCATTAATCATCTGAAATGTGATAGATATTCCTTGATTTTATGGACCTGCAAAGAAAAGCATCCACAAACAAATTGTAGCTGACAATTGTGCTTCCTTCTAATATAACAACTCTTGGCATACACTTCCACCATTACTGTCTGGATGCCATTCTTTTCCCCAGGGAACATGAGAACAATGTCCCATTCATTGCTGTAAGCATTCAGTGTAGGAAGTGACTTCAGACCCCATACCACCATTGGCAGCTCTTCATTTCCATATTGAAGGGACAATATAGAAAAAGTTAAAAGGCAGTGTTAGCTTTTCTGAGTTTTTATGAAGTTTCCAGAAGCCACATGAGATTAATATCCAATCTTCTCTTCCTACAGAAAATACAGGCCTTTGCAGTATCTTGGAGGGGAGCTTGTTGCCACCCAAAACTCAGACATTGAAGGAAAAAGGGCCAGAACTCTCCACTTTTGGTCAGAGATGCCTGCCATAAGGTCAGATCCCAAACACAGTCAACACGTTCACATACATATTCTTAGAAATTAGTTAAGTGGTCCTTAATTTAAAAATGATAACTCTTCTGAGTAGGACTAAAGCCAAATACATTCATGATTGGGCTTTAATGTTCCTGGCTGAACATTATCATCTTCTGAGGGTAGGCCTTAACTTCTTTAATGGCAACTGCACTAGATATATAGTCTTTGTTGTATCTATATTTGTGTCTGCAATTGTTTTGGGGAGCTCTGAAAATTCTTTACATAGATTGAAACTTGGGATATTCTCTTGTTCTGCTTCTGCAGAAGCAGAAGGAAATATGTATTTCTTGTATGTATTTCAATCTAAATTAACTGTAAAAGAGCTATAAAGCATTTTATATGTTTATGACAACTCTAAGATAAAAGTGTTATATAGAATATGAAGAGTTACCTCCACTGGGTCTATTTGTGCACCATTGTCCAGGCACATTTTGATCATTTCCAAGTCACCATTTTGCACAGCCAGGTGGAGAGGGGTGGCTTTCCCATTATTCATAAAGTTAATGTGCAACTGTCTACTGTACCCATGCTCTTCACCTTGAGAAGAAAATAACATTCAACATAACAAATATATAAAATAAATAATAGGGAGGTTTTTTGTTAAAAAATATGAACAAAGGTAAAAAAACAATGAAAGGGCACCGAGACACATAAAAGCTTGTGTTTAATTCTGTTAAATATTTTTCAAATTAGGCCGGGTGTGGTGGCTCACACCTGTAATCCCAGCACTTTGAGAGGTCATGGTGGGAGGATCACGAGGTCAGGAGATCGAGACCAGCCTGGCCAACACGGTGAAACCCCATCCCTACTAAAAATACAAAAAATTAGATGGGCATGGTGGCATGCACCTATAGTCCTGTTACTCAGGAGGCTGAGGCAGGAGAATCACTTGAACCTGGAAGGCTGAAGTTGCAGTGAGCTGAGATCACACCACTGCACTCCAGCCTGGGTGACAGAGTGAGACTCCATCTCAAAAGAAAAAAAAAAATCAAATTAATAGCATCCACCAAAATAGACTTATTTATAGTATATAACATAGAAAAGCCTCAACTCACCAAACCTTAGTATTATTTCCATGCATTCTTTGGAACCTGAAAATGCAGCTTGGTGAATAGGGAAACATCCCCATTTATTTGATTTACATGGCTTAGCTCCTTTTTTAAGCTGGAAGAAAAGACAAAATGAAAAATGACACCAGTTAAACCCCAAATCGCAAGGGTGGATGAGAATTTATGTGCCTCTCCCATATCATTTTACTATTATATGTCTATGTAAAAGTACATAGAGAGCTTCATATGTTATGAAATCTAGGCAAGAAGGTAATTTTGAAGTAGACTAAGATTCTGAAATAGAGATATTTTATATCTTCCAAAGAAGTAACAATGTAGACACAACATCTATCTTGATACCACAGCAATAAAGTCAACACATTTTTCAATGGGATTAATGAGATTTTTGAAGACATTATCATGACTTCCATAACTATTTTCAGTTTCTTATGCAAATAAAGTGATATATCCTAGATTCTTTTCCCTTTATTTATGCAAAATTAATAAATGAATGTGCCACTACTCTTGTTAAGCCATGATAATCAAATATTTTCACTAATGAAGTTTCCTAACTAAAAAGATGTTAGAAGAACTGAATGTTATATTATGTTTTCATGTGATCCAATCATTTTAAACTACCATTCTCTGTAAATCATTAGCCTTCAGTTTTAAGTACCTCTAATTACTACAAGAAATTATTGTGAAAAAGTAGAAAAGTGTGAAGAAGCCAATACCACCTGTAATCTCAGCTTTTAGAGGTAGTATCAGTTTACTCTATACATAATAGTCCAGAAATTATATATATATAATATATATATATATGTAGAGAGTCCAGAAATTGAAGATGTACTCTGTAAAATCATATATTAAAGAATATTGTTAAGTAAAAGCTTTTTTGAACAATATTATCATACAGTATACACATAAATTAAACTTGCAAGGAAACCAGACTTTAAAAATATATTGTTTTCTGTAGTATTTTCAACAATACTTTTCTTTATTCCAATTTTCTTGTGGTTAATTTAAGGCTCTTTTCCTAAATTCTTGGTTTGAGTGTTAGTTAACTTATTTTTATTCTCTTTATCATTTATTCTCTTTGTGGTCCAATCATGACAGCTTAGAGTATGTACCTATCTCTAAGTCCATCTAGTAAAGGTGCTAAAACATATTTGTATGGCACATTTAAACATTAGGTAAATATTTTTAAATTATTTAATTGCATTTTCTTATTCTCTGAGATGGTGAAGAGGCAAAATCAAGTGGTAAAAATACAGATGCTGGCCTAGATAACATACAAGTAACTAACGAATATTTGAAAAAAGTCTATTTGCCGGCATTCTAACAGCACACTCAGATGGAGCACTGAGGAAGTCATGTAGACAATCATCTCCATCATCTCCATCATCTCCATCGCTTCACTGGACCACGCCAGGAAGCCTCACCAGAGACAAGGCTGGCTCTACTCTCAGGCATGTGGCTAAGAACCTTTGTCATTACATCATACAGGGCTCTGTTTTTGAGACCCAATGACAATAATTTCTTCAGGTCTTGGGAGCTGTGTTTCCTTTGACTTTTCTCTTATGGGCCAAATAAGTCTGCAACTGACTATATTCATCTTTCCTTTGACTATTCAGAAGCTCAGAATCATACATTTGATCCATCTTTATAACATCCAGGCCATTATACTTTGTATTTTGCATTCTAGCCTGACCACCAGCTTCATCTCAACTTTTCCTGCCTGTATTTTCTTTTCACTTTGATTTTCTCGAAATTTTCTTTACTGCTTTACTATTAGTCTTCTATAAGCAATCTCAGATCCTCTTAAGCAGGGAGTACATATACAAAAACACATAGAAAAACTTTTTTCCTGACCTAGTTTTTGTATTTTATATTTTTCTAAGGAGAAAAACTTAAGAGATTTTGTAAATAATAATAATCCATGTTGTATTCATGAAAAGATAAAGAAAGCAGACAGATATGACAAATATACAAACCAAAATCTGCAATGCTTCGCTATTATTTGTGGTGCACGCAATGATCACAGCTGTGTTTCCATTTTCTCCTTCCAAATTAACATCAATAGTTCTATGCTCAAGCAAGACCTAAAAAAAGGGGAGAATAATTGTCAAAATTTTTGCAGATTTCCAAATAAGGTACTTGCCTTCCACTAGAGTTTAAGTTTTCAAATACCAGGGACCATGTCTGTTTATCTTTTATTCATCCTTCTCTCACACAATCTGGCACAAAATCTTGCACATTGTGGGTACTAACTAATTTCCCCATTAGATGAAATAATCATGATTTCAACATCACAACAATCAAGGCAATACTGAGTTCTGGAATTATAAATAAAATAAGAATTATAGATACTAGTTATCATAGCTTCACTTAATACTTCTGACTTGTAGTAAGTGAAGTTATGTTAACTAATATTTTCAGGAAAATAAATTTGTGGAGCCATTAGAAAGTGCTCATGGTGGAGGGGGAAGAGAGGTAGGGAAGAAGGAAGAGAGTAAAAGAGAGAGAAAGAAGGAGGGAGGGAGAAAAAGCAGGAAGGGATTTTTTTTCTCCTCCAGTTATTTTTCTTTTACCTGGATTGCAAGAATTTTGGGACATGTCAGTGGACACTCTATTCTCTTCAGAGTTTTGTGTGGTGTAACCCAATTAATTCAAACTTGGCCTGGAATGGAAACTTTCTCTACAATGTAAGAAATTAGCATCCTGATAAAATGATCAAGCAATTTTTCTGATGGAATTTCATTGAAGATCTGTTACCTCCTCACCTGGTTGACTGCCATCTGATTACTGCCCAAGCATCTATAGGTCTTTGACTAGTCTTTATTTTATATTCAATGTAACAAAATTATCTCATATAAATGTCTCATCAAATCTTTGAATTGGCCTACTGGAGGCTTTTCCTCCTGCAGAAAGACTATGATAAATGATGACATGTCCTTATAATTAAATAATGTTAAAAGAATTCATTAAATCAGCTGTTTCTTAAAAATCTTGACTTCTTTGAAAAAAGTATGCAACCTCCTACCAGAGCCTCTTGTTAACAGAACGTATCCCTTGTGAGTGTCAGCAAATGAATTAGGTTTATTAATTAGCTCTGCTCATAAAGGAAAATTAAACTCAGATTTTAGTACATAAGAATAGGTGGAGAAATGATTGACGGATTAAGGGAAATGAGAACATAAGATTCCTTCCATGGACTTTAGGCATCATCGCATTCTGTTCTTAAGAAACTCTAGTTTCACATGGAAAATAGCTACCAAAGTCTACAAGAAGAGGCTTTTCTCTCTTTGCCCTCTTAGAATCATAGATCATAAAGGTATAGCTGTGTTCAGTTATATGTGGCAGGGATCCCAGAGAGAGCAACTAAACTGTGCACCTACTTCAAATTCAGTCATGACCAGGCAAGTCTGGAAGGTTTGGAGGTGAGCCCTCCACAGGTCCCTTGGTTGAGAATCTGGAAAGCCTCATGGAAGGGTCAAACAACTGGATAGTTTGAATTAAAGCCCCAAGGACTAAGGTCTGCAGGCTACTGAGAAACAAAACCACCCCCTGATCCCCAGGCCAATGTGTCCCAGGGAATATTATGCATACCATAAATCATTGTGCAAGAACTTGAAGTGATGCGTGGATGACAGTTTTTTACTTTACAACCATTATAGGCAGCAGAGGAAGGTTTGAGGGACGGTCAGTGGAGCAGTCAATGGAGCAGCTTCTAAACTGGCAGGGGCTGGGTGTTTACAGGCCGGACCATGGGCATAACTGGGAGAGGCACGTAGAAAAGATTGCTGTTTGCAAGCATGAGGGGAGACATTCCAAAAAACCTTCTCCTCCTTCTATTCCTGTCATCTCTGGTGAACCAGAGGAGTCTGAAAATATTTTTACACATAGTTGTGGTTGGTAAGACCAAATAAAGGAGAGTCAATTTTACTTAGAACTCTATTTTTCTGCTTGTCCTGGTGTCACCAGGAAAATTTGTTTTATGTCTATCACTGAGTTTATGAATCAGTTGGGAGCTTTATTTTCCATTTCTATGTGATACCTACCTTTCTGTATTTGTTGGTCTGGAGATTTCTGCTTTCTAATTAACAATAGTCTTTCAACAGTTACCTATCTTCAATTCCCAAACCACACTTTCACGGCCAATATTAAGTTAATAGGTATGTGTTCTTGAAAAGAGCCTTCAGAGGGAGCACAGAGCTCCATGAGGAAATATTTGATATCTCTGCGGGAGTCCCTGTAGTCACTAGTGGCCCAACCCAGATGATACAGAAATAGCACTTGGCTCATGAATAATGAATAAAAAAATAACAGCTTGTTGCCAGAGGACTTTCTAGTAACCTCTTCAGGGAGCCACCCTGACCCATCTCATAGGTACTGAGACTTCAGCTCTCCCCTTCTCAGTCAGCCAGAACTCCCATTTACTCATTCATTCATTCATTCAACAGCCATCATTTACCAGCACAGTGCTGAGGAATAAGAGATACTTGAATTAGTAAGACACACCTCTTCCCTCAAGGATAATTAGCCAGTAGGGAAGAAAAGCACATGAACATTTGATTCCAATATCACGTGTTAAGGATTTTAATAGAGCCACATACAAGGTACAGTAGGAAAGCAGAAAGTGGCTCCTCTCAAACCTTTTATGCCAGACTTAAAGGAGCCAAAGCCTCAGAGGGCTGAGAGAAAGTTTTCTGGGCTAAAGGGAGCCTGAAACTCATGGAACTCTTTGGATATTGTTTCTACCAGAAAACTTATTATAAGTTCCAAATAGCCTACCTTAGAAATGAACTTCTGGAACATGCTCCATTTGTAAATTGCATTCTTCATCCTTTAGGCATGTTTGTGTTCTAGGGTGTTTGAGAGACTCTGAGATGTAGTTTAAAAACCATGGCCTAATTCTTACCCTTTAGCAATTTTCCAGGGTTTCCTCTATTTGACCGAACTTACTCTTACACCTTGAAAACCAATAGGATGTTTCCCAGTGGTATCCTTATGTCTTCTGCTAACTAATCTGTCTGACAGGCCATCCATTCTAACAAAAATAGAGAATCATAATTATGTTTTCTGTTTTCACTGAGTCTCTCATTACCTTCCTCCTTTTAGTCATTAAATCAGTCAGGTAAAAGTGATAAAGCCTAAATCTGAAAACATAAAGATGAAAACAAAATTCCTTAGTCTTGCATTTTTACTTGTGGTGTGATGTTAGCCAAGTTATTCAAATTCTTTTGGCACCTCAGTGTACTCAGCTATGAAATAAGAATACTAGTGGAATTACTTCATAGTGGGTTTGCTTAGATGAGAATTCAATAAACAAACACACACAAAGCTCTCATGAAAATGCCCGGTAAATAAGAACTATTCAATAAAGTCAAAACTAATCATCATCATCATCATTAGTTAGTGAGAAGTAAAGCAAATGTAATAATTGCATTTTGTTTGCCATGGAAGCTTAGAAGGTGCTCATCCTGGTGCAAGCAGAGAGAGCTGGATCTGGGTCCCAGCACCTGCACCGCCGGTCAGGCCCTTTGGAGCCGGCCAGTAGCCTTACCTTCATCACCTCATTATTCATGCCCTGCACAGCTATGTGGAGAGGAGCCATCATGTTGAAGTTTCGGAGATTTGGGTTTGCTCCTCTGCTGAGAAGAAACTTAACGCTTTCAATTTGGTTTTTTTCTACAGCACAATGCAGAGGGGTATTTCCATAATCATCCATTTCATGCAGCACTAGAAAAAGAAACCAGAATATGGATTAAATTTTGCTTAGACTGTATTCAACACCTCCTGAGTGCCTATACACTATAAAACTCAGTGCCAAGTGCAAATGAAATCAGCTGCATCTTTTTATGGAAACTAAAAACACAGCTTCAGTTCTAACGAAACATTTAATGGGAACCTAGTGGGAATATATAGAAGCATGAGAGTGACTTTATGAATTGAGTTAAATTTCTATAGGTAGCATTAATAAGAAATAGATCCTCCTATTGCTATATGTTTTTATCTATATGAGTTTTGGGATTGTAATAAAATATTGGGATTATATAAAAGCAAGAACTATGTCCCAGGCACTCTGCTAAGTTCACATGACCATTATTTCATTCAAGCCTCCAATAGCCTGCAAAGTAACACCATGACAAATTTTCAGAAGGAGGAAGATGTTGAGGTCCAGAGAGGTTAAAAGTCTTGCCAACATCACAGAGCTAGTAAGGAAGTATGAAAGTTACCATACTTCTCTGAACCTCAGCTTTCTTGTATTCAAACTTGGTAAAAAAAAAATTAAAAAAAAAACATATATTCATATACCTACACACACACACAGGGAGAGAGAGAGAGAGAAGAGAACGAGAGAGAGAGAGACCTTGTGATGTTGCAATGTTACTGGGACAATAATACTAAGTCATGTCTTTAAAGATCACAGCAGAGTGCCTGGCCTGTAGCAATGATTCAAAAAATGTTAACGAGAAAAAAGACACACTACTAATAAACCACAGGACTAGAATTTGAGCTTAAGCCCCTGATGCCACAAGTGGTTTCCACATATTTCTGCAATACCATATATGGTACTATGTACCCCGTGAGCTCAGCATATAAGTAATATGTCTTTTCATCCTGCAAAGTCCTATAGCTATTCTAAAATAGACATGGCTGTCTGCTTTATAAGCCTTGTAAATTGGTGGCAGTATATCTTTACGTCCAGGAAAGGAGAAAAAGTATTTGCTCATAAATATGATTTGGAGACCATCTACGGTACATGGTACTTGGAACCATATAGCCATGTTTTCTGTTTCTCTCCTTTTTAAAATGTGTCTCTCCACTATTTCCTTTCATTCATCTAAGTGTTTCATTCTAAACAATACACACACACATGCATGTACACACCCACACACACACATCTCTTGACCGTTCTGTCTGATCAAGAAGAATCACTCCATTCATCATTCCATTTGGCGCAAAACTTAAACAGGGATCTATACTTACAAACTCCCATTCACTAATTAAATAACTTGAATTTGGCTTTTATCCTCATCCCTTTTCAGAAATCATTTTTATTTTTATAGAGGTCACTGGACCCTTCTAATGTAGGGGCTTTATCTTGATCTCCTTCCTACTTGATCTCTTTGTGGCAAGGGCTCCTTCTAACTCTTCTGTCCCCGTAACTTCACCCATGGCATGTGTATTTTCACTATCTTCATCTTTTTCTGGCTTTTCCTCTGCCATCTGTCTCTTGATGTTGGTACTCTACTCTTAGCTACCTTTGCTAGCAATTTTGTGATCCCCTAAGGGATTTTCACACATTTCCACTGTCTCAGTGACTTCCTGTGCAATCACGCTCCTGTAGGGCAGGCCCTTTCCTTCTACATTTCTGTTGTGTGCTGGATATTTCCAACTGGATGTCCCCTGGGCCTTTGAAACTCACTGTGACCAAATCTCATACCTTCGCACTCACTTCCTTTCTGTTTTCTCATATTCTTCCTTTTGGGGGATGATTAAATTATTAGCCTAATCTCCTAAATTTAAGAATTTCAAAGTCAGTTCTAACTCCCTGCCCTTTCTCTTCCCATTTATTTTGCTGTCGAGCACTATTGACTTTATACACCAATATCTCTTGAACCTCTCCCTGTCTCCTTTTTGTAGCCTCACAACCCTGGTGAACTCTTATCCTCTCTTTACTACCAAAATAGCTTTTTAGCTTGGCTTCCACTTCTAATCCATCTTCCACAATATTGACAGAATTATCTTATATAGCAAAGGTCTTATCACACCACTTCACTGCCTTCATCTCTGTGGCATCCACCTCCTTCATTGTCTGCAGTTGAATTTCCTAAACAAGGTAGAGTGTACAAGGCTGGCATCTGGAAAACATCACTGTGGGAGTATGGTACACCTTCTTGAGGTGTCAATTTTATTTAATGATGATAATTTAAATGTAAAATAACCTCAATGGAAATAGTATAAAGGAATACATAAAATGTACATGCATTCTTACAATCTACCTAAAAATTCAAATGAAGTCTGTGCTTGTTGTGGGGTGTCCTAGATCTCTGTAATATGCTTTGCAGTATTTCAGTAGAAGAAGTTGAGGAGTGCTGGTGTGTAGGAAAACCCACAATTCTAAGTGAAATATATAGGCTCTTTATAATTAGCACTAATTACCCTTAAAAATCACTTCCTTCCATTCTTTCTAGTTAATTGAATGGGATGAATGATTTCTGGAAGATGAATTGTAATATTTTGTTACCTTCCAAAGAGGAATCTCTGGTGATCTTCTCCATTAGCTCAATTTGGCCTTCTGCTGCAGCATAATGCAAGAAGAAGGTGTCCATATCGTCACATCTTTTTAATTTCTTTTGCTTATTAAAGTTTTGTAATCCATATGCACTTCCTTCAAAAACCACCTAGAGGTATTTAAACACCATTATACCAAACAAGCATATGCAAAACTTATGGCTATAATCATTTTATAGCCTGAAAGAACTTATTATTATCCAAAACTATCTATCATGCTTATATGAGGTAAATATTTTTCTTGAAATACACAAAATGTTTACGGACACAAAGAAGGTTTGAGAAAATGCCCCAAGATTGATCAACACATGAAATAAATTTTTTTATCATGAACTCATTCATATATGCTTAGAAATAAAGGCCGTTCTTCCTCATTGTAAAGGAAATGCAGAAATCTTCCCCAAATGATTCAGATACTTGCTTCAATTCTACCATTGACCATAACTAGTCTCATATGCCACATGATAATATATGTCCAAACTCCAGTTTGTCATTTTGAAGAAAACTAGAGCATTTCTCACTACTGAAAAGAAAAGCTATCAGTGAAAATGAAGTATTAAGGTATTTAATGTATCCTTAATATAACTAAGAAAGGATTTAGAATATTAGGATTTATTCAGCAAATGTCAGGTTGGAATAATAAAACTTAATTTCTTAAACTTTTGAACTTTAGTTTTTGCTTTTGTTATTACAGAATAGTACCTAACAAGTCACTCTTCTATGGTAGTCTCTTGAGATGTGTTACTTTTTAACTAAAAAAAATTAAATTCCATATAAGCTACATATAACTTTAGTGACTACAGGATATGACAATGAGCATCCAACCACTTCCAAATTTACACATATTCAGTAATAAATTTAAAATGGGCTTCTTGCAGAAATAGGATCTTTTTCCATGTCTCATCCTATCAAAGAAAGTGTTGGCCTAAATCTATTTGGAAGCATTTTGGTACTTGAATTTGATATGCTCTTTGCGTAATAAAGGGATTATGCTGCCCACTCCCTAGTGCCGGAAAGAGCAGTTTGGGATGTCTGTTCAGCGATGTGCTGTCAACACAAACCCAGTTCCACACTCTTTAGAGGGAGTACTAGGTTCAGATGCTCACAAGGCACTATTGAATTCACAATAACAAAACAGCATCTAAATACTTTACATGAGCATATCAGACGTACTAGATCATCTCAATCAGTACCTGACGTTGTCAGGCTTTGAAAAGATTTTTTAAAGTTCTGAAAGTAAGCCAAGGATGTCATTTAGACAAAATATATATTCATTTAATGTAGTTTCATGTTGTCACAGGGTCACTTCAGATTCTTTTGGAATCTGAACTATGTGATTAGATTCAGAACATAATAGACTAGATCACTTTTAGATAAGCTAATTCTAACTAAACCCTTTAAAACAGATATATCAAATACATCTGTTTTAGGTTGCTTTAATGAAATACATATAAGTAGCAATGTGGCCAAAAGGTTGGAAACTAAGGTGAGAGATAAAAAATAGAAAGTCAAATGCTAAACTATTCACTATCTTGAAAGAAAATAATTGGAAAAGGCTAAAAGCATCAGTCCAATGGTTCTTTTTCCACATTTCTCATCTTGTAAGTTTTCTGTGATCCTTCAGTTTTGTTAGTGTTCCTGAGATACTGTGTATGTGCTGGAGAAAATATGTTATACAGCTTTTCTTTTAAATTAGGAAACAACCAAAAACCCTCTAGAGGTTAAAAAACCCTTCATAGTGTTATATATGTTTCTTTGTCATGGGTTCAACAAGAGATTTTTACAAAATGATATGGAACTACTACAGTTAATGAAATAAAAGATATAATCCTTCAATCTACAAACTCTATGTAGCTTCTAAAAGGCTTAAAAAACATAAGTTGCTCTACGTAGATGATAAATCTAAATAAAGACTATTAGAAACACGAAGACAAATAATTTTGAGACTCGCTGCTAAGAAATCCTTCGGCAAATATCGCTAGAAAATAAAACCACATGGGTGATTTTAGAAATTTAAAATTTCTTCCTGTACCATATTAATTGTAAAGATACTATTCCAGTGGTTGAAATCTATTTATGACTCAGTTCTCTGGAGTAAGCCAAAAGACCACAGTTATCATGCTAACATTAAGAAGGACAAAAAATGTCTGTGGCCAAACCGGACATGTCAACAGACTCACCTTGGGAGGCCTGGCTACTTGGTGTGTGTGATTAACTATACATGCCTGACTCACACACACAATTGGCAATAGTGCCAATTCCTGCAACCTGCTTAGAGAGCAATTTGTCAATTTCTACCAAAATTAAAGCTGTACATACCTCTTGACCCTGCTAGGACTTTGACATACAGACATATCCATAAAGGTACCAAGGGACAGACAGACAGAGAAGCTACATCTAAACTCACAGACATACTCTGTCACATGTGTAACAGCAAAACAAAACAAACACAAAACAGCTTAAGTGTCCATCAGTGCAACACTGGTTAAATAAATCATGATCTAGTCATACAGTGGAATATTATGAAGCTGGTAAAAAGAGTGAGGTAAATCTACAAGTGCCAATTTGAAATGTATTCAAAAATACATTTTGTGAGTAAATCAGAGTGGAAATCTGTGAGTTCTTAACTTTGCAAATAAAACAAGATCTATTAGCATGTGTGTTTTTGTGTAAGCATTTTTTTTAACCTGGAAAATTCTTAAGAAACTGTTAACATGGTCCCTCTGTCGAAAGAGATTTGTGATGAGGGTTTGGAGAGACCTTTTTAATGATGTCTCAACATTTTAAAAGAGCCCCTTTCTCCTGCTGACAATCTGATGAAATCCAGTGGTGGGCTCTGAGCACCCAACAGCCTCTATCCCTTAGACTAAGCCATCAGGTAGTAGCTAGTGCTGCCTTTAGGTCCGATAACTGCATAAGTAATAGAAGTGCCCATCCTAGAGCCTCAGGTCACTCACCCATCTTCAAAAGGTCACCTCCCCCACAGCGTTTCCTGAAGCTCCTACCCCTGGAGAAGGAATTTGCCACTCCTGCCTCCGTTTTATTGGGGACATTTTCTGCAACGCTCTAAGTGCAGACAATTGGTTTATCTGTTTCACTCTGTTAGACCAGAAGGCTTCTCAACCCCCAGAACTCTTAAATAGTTATCCAACGACTACCAGATACAGTCATTCGGCTATTTGGTTCTAAACAAAATCTACGGAAAGGTCCAAGTGAAACGGCACACATTCCAAATTGTCCTGATTTTAGGCAGCTGCCCGATCTTGTGCCAGATGATACAGATACTTTTTGAGTAGGTTTCCCTGGACTGCAGTTGCCCGTCCAGGAGCAAGAATTCGGTTGGACAAACAAGCAAACAAAATAGATAAAGCAGGCGCTGTGTGGGCGCGTCATTAGTAGGGTCACCTCTTGGATTGTGCACACACCCCAAAGCTTGCAACCCCCACGCTTTCTCCAAACCAAGGGCTGCCCCCAAGGAAACCTCCAGCCGACCCCCGCCCGCACGTCGGAACCCCTCCAGACCCGCGAGCCCCCAGAGTACCTTAAGCGATTCCTTGAAATCCTCCGTGTCGTCCGGCACATCCTCATAGACAACGCCCTGGGGCTCCTTCTTTTCTCCAGGGCGCCACATCTTCCTCAGGCTGCGCTTCATTGACCCCACCCCGGACGCCACCTGGTGCAGCTGCTCACCACGCGCGCGGGCACCTGGGGCGAGAGAGCGCTGTCAGCCTGCCAGGCGCTGGGGTCCGCGCGAGCCCGAGCTCTCCCGCGCTGCAGCTCACAGGCAGCGAAAAAGTCGCTCTGCGGAAGCCCTGGAGAACTTCTGGAAGGAGTTCTCAGGCCCGCGCTACTTTTGTAGTGCAGGAAGCAGGCGGGGCGCGGAGAGGAGGTAGAAACGCGGAGCTCCTTCGCAAAGAGGGCGGCGGCGCCGCGTCTGCCTTGGACTCGCCCCTTCAGGGACAAAGTGACTCGCCCGTCCCGCTGTCCTGCAGCTGCAGCAGCGCACTGACGGAGTCAAGCGTGTCAGGTCGGGGTGGATTGCAGAGAATTTGTTATAATAAACTAAGAGGCCCCTTGCCCTGCCCCCCAACCTTGCATGTGAGTGTGTGTGTGTGTGTGTGTGTGTGTGTGTGTGTGTGTGTGTGTGTGTTGGGTGGAGGGTGGGGGGTGTAAAGAGAGAGGAAGAGGGAATGACTGGGTATATTGGAAAGATTTTTAGTTTTCAGGAGTTTTTTCTAACTAAAATCCTACAGACCTGTGTTTCCCACCACGTGCACCTTCTTCTGGCGGCCTCTTTGATTTGGAAATAACGTTTTTAACAAAACTTCTCATTCCAAACGTTTGGGACAATAGCTACATCCTAGCACTGGTTTGAGGGACTAGATTAAGTCCCTGTGAATATCAGGTCTCATTTCCTGTGGATAATAACAGTGATCCCCCTCACACTTTGGTGTTTAAGGGTGGTTAATAAAAAGGTGAGGTTAAACGTAAGCCACTGCTGACTGGTGCAAGTTTGTTTGCCCCCAGCTTCATTTGAGAGACTTATATTTATAGGACTGCTCTTCATTAAGTGTCAATCGAAGTGTCTCAATCGAAGAGGCTGGTTCTACTTTTACGTACAGACAAGGGAACTGTCTGGTACAGACAAGGGAACTGTTGCCGTAAGTTCAGGTTTACAAGGCTAGAACGCAAGAAACCTTTCTAAGGCTGATTATACCTTGCACAGGACAGAATGTAGCTTTGACAGTCTTTTGCTTTGACAGACGGTGCTTCCTGAAGGCCCTGGATTGTCGTATTCACCTGCTCATCTCCAGCACTTAACTCAAGACCCCCGTGGATCCAGGAACTGGCATAGGTGCACTCAGCAACG,CDDP,N.N.Cl[Pt]Cl